Time,CORE_ZN:TUCSON-DAVIS-MONTHAN.AFB_AZ_USA ANN HTG 99.6% CONDNS DB:Des Heat Load [W],CORE_ZN:TUCSON-DAVIS-MONTHAN.AFB_AZ_USA ANN CLG .4% CONDNS DB=>MWB:Des Sens Cool Load [W],CORE_ZN:TUCSON-DAVIS-MONTHAN.AFB_AZ_USA ANN HTG 99.6% CONDNS DB:Des Heat Mass Flow [kg/s],CORE_ZN:TUCSON-DAVIS-MONTHAN.AFB_AZ_USA ANN CLG .4% CONDNS DB=>MWB:Des Cool Mass Flow [kg/s],PERIMETER_ZN_1:TUCSON-DAVIS-MONTHAN.AFB_AZ_USA ANN HTG 99.6% CONDNS DB:Des Heat Load [W],PERIMETER_ZN_1:TUCSON-DAVIS-MONTHAN.AFB_AZ_USA ANN CLG .4% CONDNS DB=>MWB:Des Sens Cool Load [W],PERIMETER_ZN_1:TUCSON-DAVIS-MONTHAN.AFB_AZ_USA ANN HTG 99.6% CONDNS DB:Des Heat Mass Flow [kg/s],PERIMETER_ZN_1:TUCSON-DAVIS-MONTHAN.AFB_AZ_USA ANN CLG .4% CONDNS DB=>MWB:Des Cool Mass Flow [kg/s],PERIMETER_ZN_2:TUCSON-DAVIS-MONTHAN.AFB_AZ_USA ANN HTG 99.6% CONDNS DB:Des Heat Load [W],PERIMETER_ZN_2:TUCSON-DAVIS-MONTHAN.AFB_AZ_USA ANN CLG .4% CONDNS DB=>MWB:Des Sens Cool Load [W],PERIMETER_ZN_2:TUCSON-DAVIS-MONTHAN.AFB_AZ_USA ANN HTG 99.6% CONDNS DB:Des Heat Mass Flow [kg/s],PERIMETER_ZN_2:TUCSON-DAVIS-MONTHAN.AFB_AZ_USA ANN CLG .4% CONDNS DB=>MWB:Des Cool Mass Flow [kg/s],PERIMETER_ZN_3:TUCSON-DAVIS-MONTHAN.AFB_AZ_USA ANN HTG 99.6% CONDNS DB:Des Heat Load [W],PERIMETER_ZN_3:TUCSON-DAVIS-MONTHAN.AFB_AZ_USA ANN CLG .4% CONDNS DB=>MWB:Des Sens Cool Load [W],PERIMETER_ZN_3:TUCSON-DAVIS-MONTHAN.AFB_AZ_USA ANN HTG 99.6% CONDNS DB:Des Heat Mass Flow [kg/s],PERIMETER_ZN_3:TUCSON-DAVIS-MONTHAN.AFB_AZ_USA ANN CLG .4% CONDNS DB=>MWB:Des Cool Mass Flow [kg/s],PERIMETER_ZN_4:TUCSON-DAVIS-MONTHAN.AFB_AZ_USA ANN HTG 99.6% CONDNS DB:Des Heat Load [W],PERIMETER_ZN_4:TUCSON-DAVIS-MONTHAN.AFB_AZ_USA ANN CLG .4% CONDNS DB=>MWB:Des Sens Cool Load [W],PERIMETER_ZN_4:TUCSON-DAVIS-MONTHAN.AFB_AZ_USA ANN HTG 99.6% CONDNS DB:Des Heat Mass Flow [kg/s],PERIMETER_ZN_4:TUCSON-DAVIS-MONTHAN.AFB_AZ_USA ANN CLG .4% CONDNS DB=>MWB:Des Cool Mass Flow [kg/s]
00:10:00,6.856185E+02,2.774471E+03,3.559371E-02,2.451500E-01,1.972101E+03,2.507521E+03,1.023791E-01,2.215517E-01,1.208176E+03,1.540721E+03,6.272081E-02,1.361293E-01,1.869080E+03,2.504601E+03,9.703092E-02,2.212936E-01,1.199774E+03,1.632632E+03,6.228461E-02,1.442499E-01
00:20:00,6.856190E+02,2.766703E+03,3.559373E-02,2.444637E-01,1.972102E+03,2.488171E+03,1.023792E-01,2.198420E-01,1.208177E+03,1.528035E+03,6.272086E-02,1.350085E-01,1.869082E+03,2.485377E+03,9.703101E-02,2.195951E-01,1.199775E+03,1.616052E+03,6.228467E-02,1.427850E-01
00:30:00,6.856195E+02,2.759158E+03,3.559376E-02,2.437971E-01,1.972104E+03,2.469336E+03,1.023793E-01,2.181778E-01,1.208178E+03,1.515691E+03,6.272091E-02,1.339179E-01,1.869083E+03,2.466706E+03,9.703109E-02,2.179455E-01,1.199776E+03,1.600083E+03,6.228472E-02,1.413741E-01
00:40:00,6.856199E+02,2.751819E+03,3.559378E-02,2.431486E-01,1.972105E+03,2.450995E+03,1.023793E-01,2.165573E-01,1.208179E+03,1.503675E+03,6.272096E-02,1.328562E-01,1.869085E+03,2.448562E+03,9.703116E-02,2.163423E-01,1.199777E+03,1.584684E+03,6.228477E-02,1.400135E-01
00:50:00,6.856203E+02,2.744671E+03,3.559380E-02,2.425170E-01,1.972106E+03,2.433128E+03,1.023794E-01,2.149787E-01,1.208180E+03,1.491974E+03,6.272101E-02,1.318223E-01,1.869086E+03,2.430920E+03,9.703123E-02,2.147836E-01,1.199778E+03,1.569822E+03,6.228481E-02,1.387004E-01
01:00:00,6.856207E+02,2.737702E+03,3.559382E-02,2.419013E-01,1.972108E+03,2.415719E+03,1.023795E-01,2.134406E-01,1.208181E+03,1.480576E+03,6.272105E-02,1.308153E-01,1.869088E+03,2.413761E+03,9.703130E-02,2.132676E-01,1.199778E+03,1.555465E+03,6.228486E-02,1.374319E-01
01:10:00,6.856211E+02,2.730900E+03,3.559384E-02,2.413003E-01,1.972109E+03,2.398875E+03,1.023795E-01,2.119523E-01,1.208182E+03,1.469544E+03,6.272109E-02,1.298406E-01,1.869089E+03,2.397183E+03,9.703136E-02,2.118029E-01,1.199779E+03,1.541661E+03,6.228490E-02,1.362123E-01
01:20:00,6.856215E+02,2.724259E+03,3.559386E-02,2.407135E-01,1.972110E+03,2.382589E+03,1.023796E-01,2.105134E-01,1.208182E+03,1.458873E+03,6.272113E-02,1.288978E-01,1.869090E+03,2.381179E+03,9.703142E-02,2.103888E-01,1.199780E+03,1.528390E+03,6.228493E-02,1.350398E-01
01:30:00,6.856218E+02,2.717772E+03,3.559388E-02,2.401404E-01,1.972111E+03,2.366855E+03,1.023796E-01,2.091233E-01,1.208183E+03,1.448558E+03,6.272117E-02,1.279864E-01,1.869091E+03,2.365739E+03,9.703148E-02,2.090246E-01,1.199781E+03,1.515634E+03,6.228497E-02,1.339128E-01
01:40:00,6.856221E+02,2.711436E+03,3.559389E-02,2.395805E-01,1.972112E+03,2.351670E+03,1.023797E-01,2.077816E-01,1.208184E+03,1.438595E+03,6.272120E-02,1.271061E-01,1.869092E+03,2.350856E+03,9.703153E-02,2.077097E-01,1.199781E+03,1.503378E+03,6.228501E-02,1.328299E-01
01:50:00,6.856225E+02,2.705246E+03,3.559391E-02,2.390337E-01,1.972113E+03,2.337030E+03,1.023797E-01,2.064881E-01,1.208184E+03,1.428982E+03,6.272123E-02,1.262569E-01,1.869093E+03,2.336527E+03,9.703158E-02,2.064437E-01,1.199782E+03,1.491608E+03,6.228504E-02,1.317900E-01
02:00:00,6.856228E+02,2.699203E+03,3.559393E-02,2.384997E-01,1.972114E+03,2.322935E+03,1.023798E-01,2.052428E-01,1.208185E+03,1.419719E+03,6.272127E-02,1.254384E-01,1.869094E+03,2.322747E+03,9.703163E-02,2.052262E-01,1.199783E+03,1.480314E+03,6.228507E-02,1.307921E-01
02:10:00,6.856230E+02,2.693303E+03,3.559394E-02,2.379784E-01,1.972115E+03,2.309257E+03,1.023798E-01,2.040343E-01,1.208186E+03,1.410729E+03,6.272130E-02,1.246441E-01,1.869095E+03,2.309393E+03,9.703168E-02,2.040463E-01,1.199783E+03,1.469408E+03,6.228510E-02,1.298285E-01
02:20:00,6.856233E+02,2.687546E+03,3.559396E-02,2.374697E-01,1.972116E+03,2.295991E+03,1.023799E-01,2.028622E-01,1.208186E+03,1.402008E+03,6.272133E-02,1.238736E-01,1.869096E+03,2.296457E+03,9.703172E-02,2.029034E-01,1.199784E+03,1.458878E+03,6.228513E-02,1.288982E-01
02:30:00,6.856236E+02,2.681929E+03,3.559397E-02,2.369734E-01,1.972116E+03,2.283131E+03,1.023799E-01,2.017260E-01,1.208187E+03,1.393554E+03,6.272135E-02,1.231266E-01,1.869097E+03,2.283933E+03,9.703176E-02,2.017968E-01,1.199784E+03,1.448713E+03,6.228516E-02,1.280001E-01
02:40:00,6.856239E+02,2.676449E+03,3.559398E-02,2.364892E-01,1.972117E+03,2.270673E+03,1.023800E-01,2.006252E-01,1.208187E+03,1.385362E+03,6.272138E-02,1.224029E-01,1.869097E+03,2.271814E+03,9.703181E-02,2.007260E-01,1.199785E+03,1.438902E+03,6.228519E-02,1.271333E-01
02:50:00,6.856241E+02,2.671104E+03,3.559400E-02,2.360170E-01,1.972118E+03,2.258611E+03,1.023800E-01,1.995595E-01,1.208188E+03,1.377430E+03,6.272141E-02,1.217020E-01,1.869098E+03,2.260094E+03,9.703185E-02,1.996906E-01,1.199785E+03,1.429438E+03,6.228521E-02,1.262970E-01
03:00:00,6.856244E+02,2.665893E+03,3.559401E-02,2.355566E-01,1.972119E+03,2.246941E+03,1.023800E-01,1.985285E-01,1.208188E+03,1.369754E+03,6.272143E-02,1.210238E-01,1.869099E+03,2.248769E+03,9.703188E-02,1.986899E-01,1.199786E+03,1.420309E+03,6.228524E-02,1.254905E-01
03:10:00,6.856246E+02,2.660812E+03,3.559402E-02,2.351077E-01,1.972119E+03,2.235535E+03,1.023801E-01,1.975207E-01,1.208189E+03,1.362257E+03,6.272146E-02,1.203615E-01,1.869100E+03,2.237712E+03,9.703192E-02,1.977131E-01,1.199786E+03,1.411432E+03,6.228526E-02,1.247062E-01
03:20:00,6.856248E+02,2.655857E+03,3.559403E-02,2.346698E-01,1.972120E+03,2.224382E+03,1.023801E-01,1.965353E-01,1.208189E+03,1.354934E+03,6.272148E-02,1.197144E-01,1.869100E+03,2.226912E+03,9.703196E-02,1.967588E-01,1.199787E+03,1.402794E+03,6.228529E-02,1.239430E-01
03:30:00,6.856251E+02,2.651023E+03,3.559405E-02,2.342427E-01,1.972121E+03,2.213471E+03,1.023801E-01,1.955713E-01,1.208190E+03,1.347775E+03,6.272150E-02,1.190820E-01,1.869101E+03,2.216357E+03,9.703199E-02,1.958262E-01,1.199787E+03,1.394385E+03,6.228531E-02,1.232000E-01
03:40:00,6.856253E+02,2.646305E+03,3.559406E-02,2.338258E-01,1.972121E+03,2.202791E+03,1.023802E-01,1.946276E-01,1.208190E+03,1.340776E+03,6.272153E-02,1.184635E-01,1.869102E+03,2.206034E+03,9.703202E-02,1.949142E-01,1.199788E+03,1.386192E+03,6.228533E-02,1.224762E-01
03:50:00,6.856255E+02,2.641696E+03,3.559407E-02,2.334187E-01,1.972122E+03,2.192329E+03,1.023802E-01,1.937033E-01,1.208190E+03,1.333927E+03,6.272155E-02,1.178584E-01,1.869102E+03,2.195932E+03,9.703206E-02,1.940216E-01,1.199788E+03,1.378203E+03,6.228535E-02,1.217704E-01
04:00:00,6.856257E+02,2.637192E+03,3.559408E-02,2.330207E-01,1.972123E+03,2.182076E+03,1.023802E-01,1.927974E-01,1.208191E+03,1.327221E+03,6.272157E-02,1.172660E-01,1.869103E+03,2.186038E+03,9.703209E-02,1.931475E-01,1.199788E+03,1.370409E+03,6.228538E-02,1.210817E-01
04:10:00,6.856259E+02,2.632787E+03,3.559409E-02,2.326315E-01,1.972123E+03,2.172139E+03,1.023803E-01,1.919195E-01,1.208191E+03,1.320723E+03,6.272159E-02,1.166918E-01,1.869103E+03,2.176457E+03,9.703212E-02,1.923009E-01,1.199789E+03,1.362869E+03,6.228540E-02,1.204156E-01
04:20:00,6.856261E+02,2.628478E+03,3.559410E-02,2.322508E-01,1.972124E+03,2.162515E+03,1.023803E-01,1.910691E-01,1.208192E+03,1.314429E+03,6.272161E-02,1.161357E-01,1.869104E+03,2.167185E+03,9.703215E-02,1.914817E-01,1.199789E+03,1.355580E+03,6.228542E-02,1.197715E-01
04:30:00,6.856263E+02,2.624262E+03,3.559411E-02,2.318783E-01,1.972124E+03,2.153199E+03,1.023803E-01,1.902460E-01,1.208192E+03,1.308334E+03,6.272163E-02,1.155972E-01,1.869104E+03,2.158217E+03,9.703218E-02,1.906893E-01,1.199790E+03,1.348535E+03,6.228544E-02,1.191491E-01
04:40:00,6.856265E+02,2.620138E+03,3.559412E-02,2.315139E-01,1.972125E+03,2.144188E+03,1.023804E-01,1.894499E-01,1.208192E+03,1.302438E+03,6.272165E-02,1.150763E-01,1.869105E+03,2.149549E+03,9.703221E-02,1.899235E-01,1.199790E+03,1.341728E+03,6.228545E-02,1.185477E-01
04:50:00,6.856266E+02,2.616104E+03,3.559413E-02,2.311575E-01,1.972125E+03,2.135480E+03,1.023804E-01,1.886805E-01,1.208193E+03,1.296738E+03,6.272167E-02,1.145727E-01,1.869106E+03,2.141178E+03,9.703223E-02,1.891839E-01,1.199790E+03,1.335156E+03,6.228547E-02,1.179670E-01
05:00:00,6.856268E+02,2.612159E+03,3.559414E-02,2.308089E-01,1.972126E+03,2.127073E+03,1.023804E-01,1.879377E-01,1.208193E+03,1.291232E+03,6.272168E-02,1.140862E-01,1.869106E+03,2.133102E+03,9.703226E-02,1.884704E-01,1.199791E+03,1.328815E+03,6.228549E-02,1.174068E-01
05:10:00,6.856270E+02,2.608304E+03,3.559415E-02,2.304683E-01,1.972126E+03,2.119315E+03,1.023804E-01,1.872522E-01,1.208193E+03,1.286128E+03,6.272170E-02,1.136352E-01,1.869107E+03,2.125659E+03,9.703228E-02,1.878128E-01,1.199791E+03,1.322917E+03,6.228551E-02,1.168856E-01
05:20:00,6.856272E+02,2.604545E+03,3.559416E-02,2.301362E-01,1.972127E+03,2.112228E+03,1.023805E-01,1.866261E-01,1.208194E+03,1.281436E+03,6.272172E-02,1.132207E-01,1.869107E+03,2.118875E+03,9.703231E-02,1.872133E-01,1.199791E+03,1.317472E+03,6.228552E-02,1.164046E-01
05:30:00,6.856273E+02,2.600888E+03,3.559416E-02,2.298131E-01,1.972127E+03,2.105830E+03,1.023805E-01,1.860608E-01,1.208194E+03,1.277169E+03,6.272173E-02,1.128436E-01,1.869108E+03,2.112764E+03,9.703233E-02,1.866735E-01,1.199792E+03,1.312492E+03,6.228554E-02,1.159646E-01
05:40:00,6.856275E+02,2.597353E+03,3.559417E-02,2.295007E-01,1.972128E+03,2.101085E+03,1.023805E-01,1.856416E-01,1.208194E+03,1.274031E+03,6.272175E-02,1.125664E-01,1.869108E+03,2.108257E+03,9.703236E-02,1.862753E-01,1.199792E+03,1.308467E+03,6.228556E-02,1.156089E-01
05:50:00,6.856277E+02,2.593996E+03,3.559418E-02,2.292041E-01,1.972128E+03,2.098637E+03,1.023805E-01,1.854253E-01,1.208194E+03,1.275483E+03,6.272176E-02,1.126947E-01,1.869108E+03,2.107791E+03,9.703238E-02,1.862341E-01,1.199792E+03,1.305731E+03,6.228557E-02,1.153673E-01
06:00:00,6.856278E+02,2.590973E+03,3.559419E-02,2.289370E-01,1.972129E+03,2.099180E+03,1.023806E-01,1.854733E-01,1.208195E+03,1.288905E+03,6.272178E-02,1.138807E-01,1.869109E+03,2.115500E+03,9.703240E-02,1.869153E-01,1.199793E+03,1.304667E+03,6.228559E-02,1.152733E-01
06:10:00,6.856280E+02,2.588551E+03,3.559420E-02,2.287230E-01,1.972129E+03,2.103571E+03,1.023806E-01,1.858614E-01,1.208195E+03,1.317336E+03,6.272179E-02,1.163928E-01,1.869109E+03,2.133539E+03,9.703242E-02,1.885092E-01,1.199793E+03,1.305707E+03,6.228560E-02,1.153652E-01
06:20:00,6.856281E+02,2.586874E+03,3.559420E-02,2.285740E-01,1.972130E+03,2.112064E+03,1.023806E-01,1.866114E-01,1.208195E+03,1.359333E+03,6.272181E-02,1.201033E-01,1.869110E+03,2.157631E+03,9.703245E-02,1.906375E-01,1.199793E+03,1.308990E+03,6.228561E-02,1.156550E-01
06:30:00,6.856282E+02,2.586389E+03,3.559421E-02,2.285292E-01,1.972130E+03,2.125177E+03,1.023806E-01,1.877690E-01,1.208196E+03,1.414505E+03,6.272182E-02,1.249775E-01,1.869110E+03,2.188631E+03,9.703247E-02,1.933756E-01,1.199793E+03,1.314768E+03,6.228563E-02,1.161650E-01
06:40:00,6.856284E+02,2.587260E+03,3.559422E-02,2.286037E-01,1.972130E+03,2.139620E+03,1.023806E-01,1.890439E-01,1.208196E+03,1.484012E+03,6.272183E-02,1.311181E-01,1.869110E+03,2.225754E+03,9.703249E-02,1.966543E-01,1.199794E+03,1.322720E+03,6.228564E-02,1.168669E-01
06:50:00,6.856285E+02,2.589737E+03,3.559423E-02,2.288198E-01,1.972131E+03,2.157059E+03,1.023807E-01,1.905833E-01,1.208196E+03,1.563709E+03,6.272185E-02,1.381587E-01,1.869111E+03,2.263424E+03,9.703251E-02,1.999812E-01,1.199794E+03,1.332714E+03,6.228565E-02,1.177492E-01
07:00:00,6.856287E+02,2.593790E+03,3.559423E-02,2.291748E-01,1.972131E+03,2.177897E+03,1.023807E-01,1.924228E-01,1.208196E+03,1.652072E+03,6.272186E-02,1.459648E-01,1.869111E+03,2.299890E+03,9.703253E-02,2.032014E-01,1.199794E+03,1.344875E+03,6.228567E-02,1.188227E-01
07:10:00,6.856288E+02,2.599399E+03,3.559424E-02,2.296670E-01,1.955594E+03,2.193586E+03,1.015222E-01,1.938072E-01,1.197172E+03,1.737753E+03,6.214953E-02,1.535339E-01,1.852574E+03,2.322466E+03,9.617402E-02,2.051943E-01,1.188769E+03,1.351812E+03,6.171333E-02,1.194346E-01
07:20:00,6.856289E+02,2.606523E+03,3.559425E-02,2.302939E-01,1.939052E+03,2.212252E+03,1.006634E-01,1.954551E-01,1.186143E+03,1.827314E+03,6.157702E-02,1.614457E-01,1.836032E+03,2.342445E+03,9.531526E-02,2.069579E-01,1.177741E+03,1.359964E+03,6.114083E-02,1.201541E-01
07:30:00,6.856290E+02,2.614897E+03,3.559425E-02,2.310322E-01,1.922506E+03,2.231040E+03,9.980450E-02,1.971143E-01,1.175113E+03,1.921034E+03,6.100441E-02,1.697255E-01,1.819486E+03,2.358558E+03,9.445635E-02,2.083808E-01,1.166711E+03,1.369521E+03,6.056822E-02,1.209982E-01
07:40:00,6.856291E+02,2.624326E+03,3.559426E-02,2.318643E-01,1.905954E+03,2.254456E+03,9.894525E-02,1.991827E-01,1.164078E+03,2.016732E+03,6.043158E-02,1.781802E-01,1.802934E+03,2.370461E+03,9.359713E-02,2.094319E-01,1.155676E+03,1.380496E+03,5.999539E-02,1.219675E-01
07:50:00,6.856291E+02,2.634609E+03,3.559426E-02,2.327718E-01,1.889395E+03,2.280940E+03,9.808573E-02,2.015222E-01,1.153039E+03,2.114383E+03,5.985858E-02,1.868074E-01,1.786377E+03,2.381351E+03,9.273764E-02,2.103935E-01,1.144637E+03,1.392692E+03,5.942239E-02,1.230448E-01
08:00:00,6.856290E+02,2.645793E+03,3.559425E-02,2.337593E-01,1.872832E+03,2.309750E+03,9.722597E-02,2.040673E-01,1.141997E+03,2.207198E+03,5.928541E-02,1.950074E-01,1.769814E+03,2.391924E+03,9.187791E-02,2.113275E-01,1.133595E+03,1.405950E+03,5.884923E-02,1.242160E-01
08:10:00,6.856288E+02,2.657865E+03,3.559424E-02,2.348253E-01,1.872801E+03,2.348592E+03,9.722450E-02,2.074989E-01,1.141977E+03,2.302684E+03,5.928445E-02,2.034435E-01,1.769784E+03,2.413416E+03,9.187649E-02,2.132261E-01,1.133575E+03,1.427277E+03,5.884827E-02,1.261003E-01
08:20:00,6.856284E+02,2.671007E+03,3.559422E-02,2.359862E-01,1.872771E+03,2.389374E+03,9.722308E-02,2.111022E-01,1.141957E+03,2.395049E+03,5.928353E-02,2.116041E-01,1.769756E+03,2.439405E+03,9.187514E-02,2.155224E-01,1.133555E+03,1.450307E+03,5.884735E-02,1.281351E-01
08:30:00,6.856278E+02,2.685216E+03,3.559419E-02,2.372413E-01,1.872741E+03,2.434600E+03,9.722165E-02,2.150978E-01,1.141938E+03,2.483593E+03,5.928259E-02,2.194269E-01,1.769727E+03,2.470514E+03,9.187375E-02,2.182708E-01,1.133536E+03,1.474746E+03,5.884642E-02,1.302942E-01
08:40:00,6.856270E+02,2.700732E+03,3.559415E-02,2.386118E-01,1.872715E+03,2.483146E+03,9.722037E-02,2.193868E-01,1.141920E+03,2.569954E+03,5.928176E-02,2.270567E-01,1.769701E+03,2.508131E+03,9.187251E-02,2.215942E-01,1.133519E+03,1.501176E+03,5.884559E-02,1.326293E-01
08:50:00,6.856260E+02,2.717635E+03,3.559410E-02,2.401052E-01,1.872691E+03,2.530643E+03,9.721922E-02,2.235834E-01,1.141905E+03,2.652019E+03,5.928100E-02,2.343072E-01,1.769678E+03,2.551455E+03,9.187138E-02,2.254220E-01,1.133503E+03,1.529214E+03,5.884484E-02,1.351065E-01
09:00:00,6.856249E+02,2.735920E+03,3.559404E-02,2.417209E-01,1.872669E+03,2.578724E+03,9.721818E-02,2.278316E-01,1.141890E+03,2.729461E+03,5.928032E-02,2.411494E-01,1.769657E+03,2.597457E+03,9.187036E-02,2.294866E-01,1.133489E+03,1.558514E+03,5.884415E-02,1.376954E-01
09:10:00,6.856237E+02,2.755413E+03,3.559398E-02,2.434431E-01,1.872650E+03,2.627173E+03,9.721724E-02,2.321122E-01,1.141878E+03,2.801431E+03,5.927970E-02,2.475080E-01,1.769638E+03,2.644770E+03,9.186942E-02,2.336668E-01,1.133476E+03,1.588670E+03,5.884353E-02,1.403598E-01
09:20:00,6.856224E+02,2.775924E+03,3.559391E-02,2.452551E-01,1.872632E+03,2.675777E+03,9.721638E-02,2.364063E-01,1.141866E+03,2.867368E+03,5.927914E-02,2.533334E-01,1.769620E+03,2.692808E+03,9.186857E-02,2.379109E-01,1.133464E+03,1.619515E+03,5.884297E-02,1.430849E-01
09:30:00,6.856211E+02,2.797325E+03,3.559384E-02,2.471458E-01,1.872616E+03,2.724406E+03,9.721561E-02,2.407027E-01,1.141856E+03,2.924739E+03,5.927863E-02,2.584020E-01,1.769604E+03,2.741347E+03,9.186779E-02,2.421994E-01,1.133454E+03,1.650922E+03,5.884246E-02,1.458597E-01
09:40:00,6.856197E+02,2.819451E+03,3.559377E-02,2.491010E-01,1.872602E+03,2.772054E+03,9.721491E-02,2.449127E-01,1.141846E+03,2.969250E+03,5.927817E-02,2.623347E-01,1.769590E+03,2.789199E+03,9.186709E-02,2.464273E-01,1.133445E+03,1.682151E+03,5.884200E-02,1.486189E-01
09:50:00,6.856183E+02,2.842098E+03,3.559370E-02,2.511021E-01,1.872589E+03,2.822316E+03,9.721428E-02,2.493535E-01,1.141838E+03,3.001905E+03,5.927775E-02,2.652199E-01,1.769577E+03,2.837036E+03,9.186645E-02,2.506540E-01,1.133436E+03,1.713565E+03,5.884158E-02,1.513945E-01
10:00:00,6.856170E+02,2.865078E+03,3.559363E-02,2.531324E-01,1.872578E+03,2.873169E+03,9.721371E-02,2.538465E-01,1.141830E+03,3.022316E+03,5.927737E-02,2.670231E-01,1.769565E+03,2.884739E+03,9.186587E-02,2.548687E-01,1.133428E+03,1.745140E+03,5.884121E-02,1.541843E-01
10:10:00,6.856157E+02,2.888309E+03,3.559356E-02,2.551851E-01,1.872567E+03,2.924088E+03,9.721320E-02,2.583454E-01,1.141823E+03,3.030194E+03,5.927703E-02,2.677193E-01,1.769555E+03,2.932235E+03,9.186535E-02,2.590651E-01,1.133422E+03,1.776787E+03,5.884087E-02,1.569804E-01
10:20:00,6.856144E+02,2.911639E+03,3.559349E-02,2.572466E-01,1.872558E+03,2.974879E+03,9.721274E-02,2.628331E-01,1.141817E+03,3.025327E+03,5.927673E-02,2.672894E-01,1.769545E+03,2.979383E+03,9.186488E-02,2.632309E-01,1.133415E+03,1.808390E+03,5.884056E-02,1.597727E-01
10:30:00,6.856131E+02,2.934970E+03,3.559343E-02,2.593084E-01,1.872550E+03,3.025372E+03,9.721232E-02,2.672946E-01,1.141812E+03,3.009721E+03,5.927645E-02,2.659110E-01,1.769537E+03,3.026024E+03,9.186445E-02,2.673522E-01,1.133410E+03,1.838125E+03,5.884028E-02,1.624001E-01
10:40:00,6.856119E+02,2.958103E+03,3.559336E-02,2.613526E-01,1.872542E+03,3.075245E+03,9.721194E-02,2.717014E-01,1.141807E+03,2.985104E+03,5.927620E-02,2.637363E-01,1.769529E+03,3.071979E+03,9.186406E-02,2.714127E-01,1.133405E+03,1.866992E+03,5.884003E-02,1.649507E-01
10:50:00,6.856107E+02,2.980966E+03,3.559330E-02,2.633730E-01,1.872535E+03,3.124362E+03,9.721160E-02,2.760412E-01,1.141802E+03,2.952228E+03,5.927598E-02,2.608319E-01,1.769522E+03,3.117163E+03,9.186371E-02,2.754051E-01,1.133400E+03,1.895183E+03,5.883980E-02,1.674416E-01
11:00:00,6.856096E+02,3.003486E+03,3.559325E-02,2.653630E-01,1.872529E+03,3.172589E+03,9.721130E-02,2.803024E-01,1.141798E+03,2.911858E+03,5.927577E-02,2.572654E-01,1.769515E+03,3.161492E+03,9.186339E-02,2.793220E-01,1.133396E+03,1.922661E+03,5.883960E-02,1.698695E-01
11:10:00,6.856086E+02,3.025585E+03,3.559319E-02,2.673158E-01,1.872523E+03,3.219877E+03,9.721102E-02,2.844807E-01,1.141794E+03,2.864889E+03,5.927559E-02,2.531159E-01,1.769510E+03,3.204595E+03,9.186310E-02,2.831305E-01,1.133393E+03,1.949215E+03,5.883941E-02,1.722158E-01
11:20:00,6.856076E+02,3.047241E+03,3.559314E-02,2.692300E-01,1.872518E+03,3.266122E+03,9.721077E-02,2.885672E-01,1.141791E+03,2.812170E+03,5.927542E-02,2.484586E-01,1.769504E+03,3.246367E+03,9.186284E-02,2.868217E-01,1.133389E+03,1.974793E+03,5.883925E-02,1.744760E-01
11:30:00,6.856066E+02,3.068310E+03,3.559309E-02,2.710921E-01,1.872514E+03,3.311137E+03,9.721054E-02,2.925449E-01,1.141788E+03,2.755804E+03,5.927527E-02,2.434790E-01,1.769500E+03,3.286700E+03,9.186260E-02,2.903858E-01,1.133386E+03,2.001041E+03,5.883909E-02,1.767954E-01
11:40:00,6.856057E+02,3.088814E+03,3.559304E-02,2.729043E-01,1.872510E+03,3.354958E+03,9.721033E-02,2.964171E-01,1.141785E+03,2.704639E+03,5.927513E-02,2.389588E-01,1.769495E+03,3.325565E+03,9.186238E-02,2.938201E-01,1.133383E+03,2.026802E+03,5.883895E-02,1.790717E-01
11:50:00,6.856049E+02,3.108754E+03,3.559300E-02,2.746666E-01,1.872506E+03,3.397549E+03,9.721014E-02,3.001806E-01,1.141783E+03,2.660782E+03,5.927500E-02,2.350845E-01,1.769491E+03,3.362930E+03,9.186218E-02,2.971219E-01,1.133381E+03,2.051770E+03,5.883883E-02,1.812780E-01
12:00:00,6.856041E+02,3.128135E+03,3.559296E-02,2.763796E-01,1.872503E+03,3.438900E+03,9.720997E-02,3.038346E-01,1.141780E+03,2.627077E+03,5.927489E-02,2.321070E-01,1.769488E+03,3.398786E+03,9.186200E-02,3.002904E-01,1.133379E+03,2.075877E+03,5.883871E-02,1.834082E-01
12:10:00,6.856033E+02,3.147043E+03,3.559292E-02,2.780511E-01,1.872500E+03,3.478994E+03,9.720981E-02,3.073779E-01,1.141778E+03,2.603095E+03,5.927478E-02,2.299888E-01,1.769484E+03,3.433491E+03,9.186183E-02,3.033576E-01,1.133377E+03,2.099282E+03,5.883860E-02,1.854767E-01
12:20:00,6.856026E+02,3.165353E+03,3.559288E-02,2.796701E-01,1.872497E+03,3.517784E+03,9.720966E-02,3.108063E-01,1.141777E+03,2.589135E+03,5.927469E-02,2.287563E-01,1.769481E+03,3.467022E+03,9.186168E-02,3.063212E-01,1.133375E+03,2.121927E+03,5.883851E-02,1.874780E-01
12:30:00,6.856019E+02,3.183127E+03,3.559284E-02,2.812416E-01,1.872494E+03,3.555394E+03,9.720953E-02,3.141302E-01,1.141775E+03,2.584452E+03,5.927460E-02,2.283433E-01,1.769479E+03,3.499493E+03,9.186154E-02,3.091910E-01,1.133373E+03,2.143625E+03,5.883842E-02,1.893957E-01
12:40:00,6.856012E+02,3.200366E+03,3.559281E-02,2.827657E-01,1.872492E+03,3.591889E+03,9.720940E-02,3.173555E-01,1.141773E+03,2.581521E+03,5.927452E-02,2.280850E-01,1.769476E+03,3.530984E+03,9.186141E-02,3.119743E-01,1.133371E+03,2.164552E+03,5.883833E-02,1.912452E-01
12:50:00,6.856006E+02,3.217038E+03,3.559278E-02,2.842398E-01,1.872489E+03,3.627287E+03,9.720929E-02,3.204840E-01,1.141772E+03,2.579624E+03,5.927444E-02,2.279180E-01,1.769474E+03,3.561550E+03,9.186129E-02,3.146758E-01,1.133370E+03,2.184771E+03,5.883826E-02,1.930321E-01
13:00:00,6.856000E+02,3.233105E+03,3.559275E-02,2.856604E-01,1.872487E+03,3.661568E+03,9.720918E-02,3.235138E-01,1.141770E+03,2.576760E+03,5.927437E-02,2.276657E-01,1.769472E+03,3.591217E+03,9.186118E-02,3.172979E-01,1.133368E+03,2.204313E+03,5.883819E-02,1.947593E-01
13:10:00,6.855995E+02,3.248681E+03,3.559272E-02,2.870371E-01,1.872485E+03,3.694649E+03,9.720909E-02,3.264371E-01,1.141769E+03,2.574095E+03,5.927430E-02,2.274306E-01,1.769470E+03,3.619974E+03,9.186107E-02,3.198392E-01,1.133367E+03,2.223183E+03,5.883812E-02,1.964268E-01
13:20:00,6.855990E+02,3.263405E+03,3.559269E-02,2.883401E-01,1.872484E+03,3.726231E+03,9.720899E-02,3.292293E-01,1.141768E+03,2.571848E+03,5.927424E-02,2.272331E-01,1.769468E+03,3.647589E+03,9.186098E-02,3.222809E-01,1.133366E+03,2.239511E+03,5.883806E-02,1.978704E-01
13:30:00,6.855985E+02,3.277498E+03,3.559267E-02,2.895875E-01,1.872482E+03,3.756297E+03,9.720891E-02,3.318877E-01,1.141767E+03,2.570118E+03,5.927418E-02,2.270815E-01,1.769466E+03,3.674137E+03,9.186089E-02,3.246285E-01,1.133365E+03,2.254739E+03,5.883800E-02,1.992170E-01
13:40:00,6.855980E+02,3.290825E+03,3.559264E-02,2.907674E-01,1.872480E+03,3.784629E+03,9.720883E-02,3.343931E-01,1.141766E+03,2.568846E+03,5.927413E-02,2.269704E-01,1.769464E+03,3.699467E+03,9.186080E-02,3.268686E-01,1.133364E+03,2.269358E+03,5.883795E-02,2.005099E-01
13:50:00,6.855975E+02,3.303390E+03,3.559262E-02,2.918799E-01,1.872479E+03,3.811076E+03,9.720875E-02,3.367318E-01,1.141765E+03,2.567734E+03,5.927408E-02,2.268735E-01,1.769463E+03,3.723494E+03,9.186072E-02,3.289935E-01,1.133363E+03,2.291789E+03,5.883790E-02,2.024929E-01
14:00:00,6.855971E+02,3.315211E+03,3.559260E-02,2.929266E-01,1.872477E+03,3.835508E+03,9.720868E-02,3.388926E-01,1.141764E+03,2.566830E+03,5.927403E-02,2.267948E-01,1.769461E+03,3.746147E+03,9.186065E-02,3.309971E-01,1.133362E+03,2.324489E+03,5.883785E-02,2.053834E-01
14:10:00,6.855967E+02,3.326094E+03,3.559257E-02,2.938905E-01,1.872476E+03,3.857507E+03,9.720861E-02,3.408384E-01,1.141763E+03,2.565844E+03,5.927399E-02,2.267090E-01,1.769460E+03,3.767011E+03,9.186058E-02,3.328426E-01,1.133361E+03,2.367743E+03,5.883780E-02,2.092066E-01
14:20:00,6.855963E+02,3.336482E+03,3.559255E-02,2.948086E-01,1.872475E+03,3.877566E+03,9.720855E-02,3.426110E-01,1.141762E+03,2.564787E+03,5.927394E-02,2.266158E-01,1.769459E+03,3.786271E+03,9.186051E-02,3.345445E-01,1.133360E+03,2.424577E+03,5.883776E-02,2.142286E-01
14:30:00,6.855959E+02,3.346158E+03,3.559254E-02,2.956635E-01,1.872474E+03,3.895553E+03,9.720849E-02,3.442003E-01,1.141761E+03,2.563464E+03,5.927390E-02,2.264990E-01,1.769457E+03,3.803728E+03,9.186045E-02,3.360869E-01,1.133359E+03,2.494512E+03,5.883772E-02,2.204080E-01
14:40:00,6.855956E+02,3.355242E+03,3.559252E-02,2.964661E-01,1.872473E+03,3.911497E+03,9.720843E-02,3.456089E-01,1.141760E+03,2.561779E+03,5.927387E-02,2.263500E-01,1.769456E+03,3.819385E+03,9.186039E-02,3.374702E-01,1.133359E+03,2.577395E+03,5.883768E-02,2.277316E-01
14:50:00,6.855952E+02,3.363566E+03,3.559250E-02,2.972005E-01,1.872472E+03,3.925260E+03,9.720838E-02,3.468239E-01,1.141760E+03,2.561333E+03,5.927383E-02,2.263101E-01,1.769455E+03,3.833057E+03,9.186033E-02,3.386773E-01,1.133358E+03,2.664971E+03,5.883764E-02,2.354690E-01
15:00:00,6.855949E+02,3.371291E+03,3.559248E-02,2.978807E-01,1.872471E+03,3.936950E+03,9.720832E-02,3.478547E-01,1.141759E+03,2.560889E+03,5.927379E-02,2.262697E-01,1.769454E+03,3.844791E+03,9.186028E-02,3.397119E-01,1.133357E+03,2.754941E+03,5.883761E-02,2.434170E-01
15:10:00,6.855946E+02,3.378363E+03,3.559246E-02,2.985032E-01,1.872470E+03,3.946361E+03,9.720827E-02,3.486839E-01,1.141758E+03,2.559966E+03,5.927376E-02,2.261869E-01,1.769453E+03,3.854370E+03,9.186023E-02,3.405561E-01,1.133356E+03,2.846589E+03,5.883757E-02,2.515131E-01
15:20:00,6.855943E+02,3.384698E+03,3.559245E-02,2.990605E-01,1.872469E+03,3.953115E+03,9.720822E-02,3.492785E-01,1.141758E+03,2.558397E+03,5.927373E-02,2.260469E-01,1.769452E+03,3.861683E+03,9.186018E-02,3.412001E-01,1.133356E+03,2.938504E+03,5.883754E-02,2.596326E-01
15:30:00,6.855940E+02,3.390233E+03,3.559243E-02,2.995472E-01,1.872468E+03,3.957128E+03,9.720818E-02,3.496309E-01,1.141757E+03,2.556033E+03,5.927370E-02,2.258368E-01,1.769451E+03,3.866643E+03,9.186013E-02,3.416362E-01,1.133355E+03,3.029464E+03,5.883751E-02,2.676676E-01
15:40:00,6.855937E+02,3.394825E+03,3.559242E-02,2.999498E-01,1.872467E+03,3.958298E+03,9.720813E-02,3.497314E-01,1.141757E+03,2.552703E+03,5.927367E-02,2.255409E-01,1.769450E+03,3.869097E+03,9.186009E-02,3.418502E-01,1.133355E+03,3.118306E+03,5.883748E-02,2.755150E-01
15:50:00,6.855934E+02,3.398671E+03,3.559240E-02,3.002873E-01,1.872466E+03,3.956773E+03,9.720809E-02,3.495944E-01,1.141756E+03,2.546603E+03,5.927364E-02,2.250006E-01,1.769450E+03,3.869146E+03,9.186004E-02,3.418524E-01,1.133354E+03,3.202354E+03,5.883745E-02,2.829391E-01
16:00:00,6.855932E+02,3.401490E+03,3.559239E-02,3.005352E-01,1.872465E+03,3.952357E+03,9.720805E-02,3.492032E-01,1.141756E+03,2.538735E+03,5.927361E-02,2.243048E-01,1.769449E+03,3.866547E+03,9.186000E-02,3.416216E-01,1.133354E+03,3.278939E+03,5.883742E-02,2.897046E-01
16:10:00,6.855929E+02,3.403205E+03,3.559238E-02,3.006856E-01,1.872464E+03,3.945450E+03,9.720801E-02,3.485919E-01,1.141755E+03,2.529552E+03,5.927358E-02,2.234928E-01,1.769448E+03,3.861619E+03,9.185996E-02,3.411852E-01,1.133353E+03,3.347190E+03,5.883740E-02,2.957338E-01
16:20:00,6.855926E+02,3.403780E+03,3.559236E-02,3.007353E-01,1.872464E+03,3.936429E+03,9.720797E-02,3.477938E-01,1.141755E+03,2.519039E+03,5.927356E-02,2.225633E-01,1.769447E+03,3.851290E+03,9.185992E-02,3.402715E-01,1.133353E+03,3.406297E+03,5.883737E-02,3.009551E-01
16:30:00,6.855924E+02,3.403161E+03,3.559235E-02,3.006795E-01,1.872463E+03,3.928054E+03,9.720793E-02,3.470528E-01,1.141754E+03,2.507171E+03,5.927353E-02,2.215141E-01,1.769446E+03,3.837573E+03,9.185988E-02,3.390586E-01,1.133352E+03,3.455499E+03,5.883735E-02,3.053013E-01
16:40:00,6.855922E+02,3.401355E+03,3.559234E-02,3.005192E-01,1.872462E+03,3.916894E+03,9.720790E-02,3.460660E-01,1.141754E+03,2.493224E+03,5.927351E-02,2.202813E-01,1.769446E+03,3.819823E+03,9.185985E-02,3.374895E-01,1.133352E+03,3.492112E+03,5.883732E-02,3.085353E-01
16:50:00,6.855919E+02,3.398281E+03,3.559233E-02,3.002469E-01,1.872462E+03,3.903315E+03,9.720786E-02,3.448656E-01,1.141753E+03,2.477677E+03,5.927349E-02,2.189073E-01,1.769445E+03,3.798960E+03,9.185981E-02,3.356456E-01,1.133351E+03,3.519255E+03,5.883730E-02,3.109328E-01
17:00:00,6.855917E+02,3.393929E+03,3.559231E-02,2.998617E-01,1.872461E+03,3.887328E+03,9.720783E-02,3.434525E-01,1.141753E+03,2.460594E+03,5.927346E-02,2.173976E-01,1.769444E+03,3.775192E+03,9.185978E-02,3.335451E-01,1.133351E+03,3.538315E+03,5.883728E-02,3.126162E-01
17:10:00,6.855915E+02,3.388301E+03,3.559230E-02,2.993639E-01,1.872460E+03,3.868841E+03,9.720780E-02,3.418185E-01,1.141752E+03,2.441975E+03,5.927344E-02,2.157523E-01,1.769444E+03,3.749017E+03,9.185974E-02,3.312319E-01,1.133350E+03,3.549224E+03,5.883725E-02,3.135795E-01
17:20:00,6.855913E+02,3.381418E+03,3.559229E-02,2.987551E-01,1.872460E+03,3.847393E+03,9.720776E-02,3.399230E-01,1.141752E+03,2.421828E+03,5.927342E-02,2.139719E-01,1.769443E+03,3.724624E+03,9.185971E-02,3.290761E-01,1.133350E+03,3.551701E+03,5.883723E-02,3.137978E-01
17:30:00,6.855911E+02,3.373335E+03,3.559228E-02,2.980403E-01,1.872459E+03,3.820131E+03,9.720773E-02,3.375137E-01,1.141751E+03,2.400396E+03,5.927340E-02,2.120780E-01,1.769443E+03,3.703030E+03,9.185968E-02,3.271677E-01,1.133349E+03,3.545072E+03,5.883721E-02,3.132116E-01
17:40:00,6.855909E+02,3.364225E+03,3.559227E-02,2.972352E-01,1.872459E+03,3.793460E+03,9.720770E-02,3.351571E-01,1.141751E+03,2.378301E+03,5.927338E-02,2.101258E-01,1.769442E+03,3.685670E+03,9.185965E-02,3.256338E-01,1.133349E+03,3.531042E+03,5.883719E-02,3.119718E-01
17:50:00,6.855907E+02,3.354229E+03,3.559226E-02,2.963520E-01,1.872458E+03,3.764817E+03,9.720767E-02,3.326264E-01,1.141751E+03,2.355017E+03,5.927336E-02,2.080686E-01,1.769441E+03,3.674925E+03,9.185962E-02,3.246844E-01,1.133349E+03,3.507608E+03,5.883717E-02,3.099013E-01
18:00:00,6.855905E+02,3.343500E+03,3.559225E-02,2.954039E-01,1.872457E+03,3.733608E+03,9.720765E-02,3.298688E-01,1.141750E+03,2.330517E+03,5.927334E-02,2.059038E-01,1.769441E+03,3.668486E+03,9.185959E-02,3.241153E-01,1.133348E+03,3.474462E+03,5.883715E-02,3.069725E-01
18:10:00,6.855903E+02,3.332168E+03,3.559224E-02,2.944022E-01,1.888994E+03,3.699566E+03,9.806615E-02,3.268608E-01,1.152775E+03,2.306475E+03,5.984568E-02,2.037794E-01,1.785978E+03,3.664612E+03,9.271810E-02,3.237727E-01,1.144373E+03,3.431181E+03,5.940949E-02,3.031483E-01
18:20:00,6.855901E+02,3.320229E+03,3.559223E-02,2.933470E-01,1.905533E+03,3.662277E+03,9.892473E-02,3.235659E-01,1.163801E+03,2.281299E+03,6.041807E-02,2.015549E-01,1.802516E+03,3.657727E+03,9.357668E-02,3.231640E-01,1.155399E+03,3.373202E+03,5.998188E-02,2.980254E-01
18:30:00,6.855899E+02,3.307575E+03,3.559222E-02,2.922286E-01,1.922077E+03,3.622147E+03,9.978361E-02,3.200200E-01,1.174830E+03,2.254847E+03,6.099065E-02,1.992177E-01,1.819061E+03,3.644492E+03,9.443554E-02,3.219943E-01,1.166428E+03,3.306623E+03,6.055446E-02,2.921427E-01
18:40:00,6.855898E+02,3.294010E+03,3.559221E-02,2.910297E-01,1.938629E+03,3.579195E+03,1.006428E-01,3.162248E-01,1.185865E+03,2.227266E+03,6.156345E-02,1.967805E-01,1.835612E+03,3.626269E+03,9.529473E-02,3.203839E-01,1.177463E+03,3.230509E+03,6.112726E-02,2.854176E-01
18:50:00,6.855897E+02,3.279310E+03,3.559221E-02,2.897308E-01,1.955187E+03,3.533519E+03,1.015023E-01,3.121890E-01,1.196903E+03,2.198575E+03,6.213645E-02,1.942457E-01,1.852169E+03,3.596724E+03,9.615420E-02,3.177734E-01,1.188501E+03,3.146705E+03,6.170026E-02,2.780133E-01
19:00:00,6.855897E+02,3.263201E+03,3.559221E-02,2.883076E-01,1.971751E+03,3.484887E+03,1.023621E-01,3.078924E-01,1.207945E+03,2.168577E+03,6.270962E-02,1.915952E-01,1.868731E+03,3.556856E+03,9.701393E-02,3.142510E-01,1.199543E+03,3.050688E+03,6.227342E-02,2.695301E-01
19:10:00,6.855898E+02,3.245553E+03,3.559222E-02,2.867481E-01,1.971782E+03,3.453395E+03,1.023636E-01,3.051098E-01,1.207966E+03,2.148663E+03,6.271059E-02,1.898357E-01,1.868761E+03,3.525634E+03,9.701535E-02,3.114922E-01,1.199563E+03,2.959791E+03,6.227439E-02,2.614991E-01
19:20:00,6.855901E+02,3.226360E+03,3.559223E-02,2.850521E-01,1.971815E+03,3.420783E+03,1.023652E-01,3.022281E-01,1.207988E+03,2.127889E+03,6.271164E-02,1.880001E-01,1.868793E+03,3.486676E+03,9.701690E-02,3.080499E-01,1.199586E+03,2.864925E+03,6.227544E-02,2.531173E-01
19:30:00,6.855907E+02,3.205699E+03,3.559226E-02,2.832264E-01,1.971847E+03,3.387329E+03,1.023667E-01,2.992720E-01,1.208009E+03,2.106461E+03,6.271263E-02,1.861066E-01,1.868824E+03,3.443751E+03,9.701837E-02,3.042568E-01,1.199606E+03,2.768334E+03,6.227642E-02,2.445830E-01
19:40:00,6.855914E+02,3.183785E+03,3.559230E-02,2.812903E-01,1.971875E+03,3.351063E+03,1.023680E-01,2.960675E-01,1.208027E+03,2.084859E+03,6.271351E-02,1.841978E-01,1.868852E+03,3.397297E+03,9.701968E-02,3.001523E-01,1.199625E+03,2.676199E+03,6.227730E-02,2.364425E-01
19:50:00,6.855924E+02,3.160920E+03,3.559235E-02,2.792700E-01,1.971900E+03,3.315423E+03,1.023692E-01,2.929183E-01,1.208044E+03,2.063806E+03,6.271429E-02,1.823375E-01,1.868876E+03,3.351657E+03,9.702086E-02,2.961195E-01,1.199641E+03,2.589384E+03,6.227808E-02,2.287720E-01
20:00:00,6.855935E+02,3.137551E+03,3.559241E-02,2.772057E-01,1.971923E+03,3.281859E+03,1.023703E-01,2.899528E-01,1.208059E+03,2.043809E+03,6.271500E-02,1.805706E-01,1.868898E+03,3.308515E+03,9.702192E-02,2.923078E-01,1.199656E+03,2.514477E+03,6.227878E-02,2.221537E-01
20:10:00,6.855947E+02,3.114060E+03,3.559247E-02,2.751308E-01,1.971943E+03,3.231755E+03,1.023713E-01,2.855262E-01,1.208072E+03,2.012421E+03,6.271563E-02,1.777975E-01,1.868918E+03,3.251193E+03,9.702289E-02,2.872434E-01,1.199669E+03,2.436795E+03,6.227942E-02,2.152906E-01
20:20:00,6.855960E+02,3.090861E+03,3.559254E-02,2.730820E-01,1.971960E+03,3.184524E+03,1.023721E-01,2.813537E-01,1.208084E+03,1.982537E+03,6.271620E-02,1.751575E-01,1.868936E+03,3.201123E+03,9.702375E-02,2.828203E-01,1.199681E+03,2.372000E+03,6.227999E-02,2.095663E-01
20:30:00,6.855973E+02,3.068264E+03,3.559261E-02,2.710867E-01,1.971976E+03,3.140166E+03,1.023729E-01,2.774354E-01,1.208094E+03,1.954198E+03,6.271671E-02,1.726542E-01,1.868952E+03,3.155385E+03,9.702454E-02,2.787799E-01,1.199691E+03,2.314226E+03,6.228050E-02,2.044624E-01
20:40:00,6.855987E+02,3.046522E+03,3.559268E-02,2.691668E-01,1.971991E+03,3.098344E+03,1.023736E-01,2.737409E-01,1.208103E+03,1.927265E+03,6.271717E-02,1.702749E-01,1.868966E+03,3.112038E+03,9.702524E-02,2.749508E-01,1.199701E+03,2.260454E+03,6.228096E-02,1.997121E-01
20:50:00,6.856001E+02,3.025817E+03,3.559275E-02,2.673385E-01,1.972003E+03,3.058287E+03,1.023742E-01,2.702025E-01,1.208112E+03,1.901359E+03,6.271758E-02,1.679864E-01,1.868979E+03,3.070338E+03,9.702587E-02,2.712672E-01,1.199709E+03,2.209888E+03,6.228137E-02,1.952449E-01
21:00:00,6.856015E+02,3.006130E+03,3.559282E-02,2.656006E-01,1.972015E+03,3.019925E+03,1.023748E-01,2.668140E-01,1.208119E+03,1.876464E+03,6.271795E-02,1.657874E-01,1.868991E+03,3.030277E+03,9.702644E-02,2.677286E-01,1.199716E+03,2.162380E+03,6.228174E-02,1.910481E-01
21:10:00,6.856028E+02,2.987454E+03,3.559289E-02,2.639521E-01,1.972025E+03,2.982970E+03,1.023753E-01,2.635499E-01,1.208126E+03,1.852428E+03,6.271827E-02,1.636644E-01,1.869001E+03,2.991647E+03,9.702695E-02,2.643165E-01,1.199723E+03,2.117661E+03,6.228207E-02,1.870978E-01
21:20:00,6.856041E+02,2.969741E+03,3.559296E-02,2.623882E-01,1.972034E+03,2.947371E+03,1.023757E-01,2.604054E-01,1.208132E+03,1.829234E+03,6.271857E-02,1.616155E-01,1.869010E+03,2.954441E+03,9.702740E-02,2.610300E-01,1.199729E+03,2.075591E+03,6.228236E-02,1.833813E-01
21:30:00,6.856053E+02,2.953010E+03,3.559302E-02,2.609110E-01,1.972042E+03,2.913103E+03,1.023761E-01,2.573783E-01,1.208137E+03,1.806873E+03,6.271883E-02,1.596403E-01,1.869019E+03,2.918669E+03,9.702782E-02,2.578701E-01,1.199734E+03,2.036032E+03,6.228262E-02,1.798866E-01
21:40:00,6.856065E+02,2.937418E+03,3.559308E-02,2.595343E-01,1.972049E+03,2.880196E+03,1.023765E-01,2.544715E-01,1.208142E+03,1.785366E+03,6.271907E-02,1.577404E-01,1.869026E+03,2.884383E+03,9.702818E-02,2.548414E-01,1.199739E+03,1.998871E+03,6.228286E-02,1.766038E-01
21:50:00,6.856077E+02,2.922437E+03,3.559314E-02,2.582130E-01,1.972055E+03,2.848354E+03,1.023768E-01,2.516595E-01,1.208146E+03,1.764549E+03,6.271928E-02,1.559019E-01,1.869033E+03,2.851297E+03,9.702852E-02,2.519195E-01,1.199743E+03,1.963815E+03,6.228307E-02,1.735073E-01
22:00:00,6.856088E+02,2.908346E+03,3.559320E-02,2.569701E-01,1.972061E+03,2.817652E+03,1.023771E-01,2.489481E-01,1.208150E+03,1.744460E+03,6.271947E-02,1.541277E-01,1.869039E+03,2.819493E+03,9.702882E-02,2.491107E-01,1.199747E+03,1.930772E+03,6.228327E-02,1.705886E-01
22:10:00,6.856098E+02,2.894990E+03,3.559325E-02,2.557921E-01,1.972066E+03,2.788233E+03,1.023773E-01,2.463500E-01,1.208153E+03,1.725188E+03,6.271964E-02,1.524255E-01,1.869044E+03,2.789101E+03,9.702909E-02,2.464266E-01,1.199751E+03,1.899715E+03,6.228344E-02,1.678453E-01
22:20:00,6.856108E+02,2.882318E+03,3.559331E-02,2.546744E-01,1.972071E+03,2.760035E+03,1.023776E-01,2.438597E-01,1.208156E+03,1.706692E+03,6.271980E-02,1.507920E-01,1.869049E+03,2.760057E+03,9.702933E-02,2.438617E-01,1.199754E+03,1.870495E+03,6.228359E-02,1.652643E-01
22:30:00,6.856117E+02,2.870281E+03,3.559335E-02,2.536130E-01,1.972075E+03,2.732997E+03,1.023778E-01,2.414719E-01,1.208159E+03,1.688937E+03,6.271993E-02,1.492240E-01,1.869053E+03,2.732295E+03,9.702955E-02,2.414099E-01,1.199756E+03,1.842972E+03,6.228373E-02,1.628333E-01
22:40:00,6.856126E+02,2.858609E+03,3.559340E-02,2.525837E-01,1.972079E+03,2.706953E+03,1.023780E-01,2.391720E-01,1.208161E+03,1.671829E+03,6.272006E-02,1.477130E-01,1.869057E+03,2.705640E+03,9.702975E-02,2.390560E-01,1.199759E+03,1.816960E+03,6.228386E-02,1.605357E-01
22:50:00,6.856134E+02,2.847660E+03,3.559344E-02,2.516165E-01,1.972082E+03,2.682038E+03,1.023781E-01,2.369708E-01,1.208164E+03,1.655435E+03,6.272018E-02,1.462647E-01,1.869061E+03,2.680218E+03,9.702993E-02,2.368100E-01,1.199761E+03,1.792438E+03,6.228398E-02,1.583692E-01
23:00:00,6.856142E+02,2.837133E+03,3.559348E-02,2.506864E-01,1.972085E+03,2.658093E+03,1.023783E-01,2.348552E-01,1.208166E+03,1.639668E+03,6.272028E-02,1.448716E-01,1.869064E+03,2.655859E+03,9.703009E-02,2.346578E-01,1.199763E+03,1.769243E+03,6.228408E-02,1.563199E-01
23:10:00,6.856149E+02,2.827081E+03,3.559352E-02,2.497983E-01,1.972088E+03,2.634848E+03,1.023785E-01,2.328014E-01,1.208168E+03,1.624366E+03,6.272038E-02,1.435196E-01,1.869067E+03,2.632297E+03,9.703024E-02,2.325760E-01,1.199765E+03,1.747138E+03,6.228418E-02,1.543668E-01
23:20:00,6.856156E+02,2.817454E+03,3.559356E-02,2.489477E-01,1.972090E+03,2.612248E+03,1.023786E-01,2.308047E-01,1.208169E+03,1.609495E+03,6.272046E-02,1.422057E-01,1.869070E+03,2.609466E+03,9.703038E-02,2.305588E-01,1.199767E+03,1.726025E+03,6.228426E-02,1.525014E-01
23:30:00,6.856163E+02,2.808213E+03,3.559359E-02,2.481313E-01,1.972093E+03,2.590247E+03,1.023787E-01,2.288608E-01,1.208171E+03,1.595026E+03,6.272054E-02,1.409274E-01,1.869072E+03,2.587310E+03,9.703051E-02,2.286013E-01,1.199768E+03,1.705817E+03,6.228435E-02,1.507160E-01
23:40:00,6.856169E+02,2.799325E+03,3.559362E-02,2.473459E-01,1.972095E+03,2.568801E+03,1.023788E-01,2.269659E-01,1.208172E+03,1.580932E+03,6.272062E-02,1.396821E-01,1.869074E+03,2.565780E+03,9.703062E-02,2.266990E-01,1.199770E+03,1.686435E+03,6.228442E-02,1.490036E-01
23:50:00,6.856175E+02,2.790757E+03,3.559365E-02,2.465890E-01,1.972097E+03,2.547868E+03,1.023789E-01,2.251165E-01,1.208174E+03,1.567187E+03,6.272069E-02,1.384676E-01,1.869076E+03,2.544827E+03,9.703073E-02,2.248477E-01,1.199771E+03,1.667807E+03,6.228449E-02,1.473577E-01
24:00:00,6.856180E+02,2.782482E+03,3.559368E-02,2.458578E-01,1.972099E+03,2.527411E+03,1.023790E-01,2.233090E-01,1.208175E+03,1.553765E+03,6.272075E-02,1.372818E-01,1.869078E+03,2.524407E+03,9.703083E-02,2.230435E-01,1.199773E+03,1.649867E+03,6.228455E-02,1.457726E-01
Peak,6.856291E+02,3.403780E+03,3.559426E-02,3.007353E-01,1.972131E+03,3.958298E+03,1.023807E-01,3.497314E-01,1.208196E+03,3.030194E+03,6.272186E-02,2.677193E-01,1.869111E+03,3.869146E+03,9.703253E-02,3.418524E-01,1.199794E+03,3.551701E+03,6.228567E-02,3.137978E-01

Peak Vol Flow (m3/s),,,3.076527E-02,2.599352E-01,,,8.849092E-02,3.022841E-01,,,5.421253E-02,2.313984E-01,,,8.386834E-02,2.954741E-01,,,5.383551E-02,2.712256E-01
